<?xml version="1.0" encoding="UTF-8"?>
<project-private xmlns="http://www.netbeans.org/ns/project-private/1">
    <editor-bookmarks xmlns="http://www.netbeans.org/ns/editor-bookmarks/2" lastBookmarkId="0"/>
    <open-files xmlns="http://www.netbeans.org/ns/projectui-open-files/2">
        <group>
            <file>file:/C:/Users/HP/Documents/GitHub/DIGITAL2_18178/Mini_proyecto_2/MPLAB%20X/Miniproyecto_2_18178.X/I2C.h</file>
            <file>file:/C:/Users/HP/Documents/GitHub/DIGITAL2_18178/Mini_proyecto_2/MPLAB%20X/Miniproyecto_2_18178.X/eusart.c</file>
            <file>file:/C:/Users/HP/Documents/GitHub/DIGITAL2_18178/Mini_proyecto_2/MPLAB%20X/Miniproyecto_2_18178.X/main.c</file>
            <file>file:/C:/Users/HP/Documents/GitHub/DIGITAL2_18178/Mini_proyecto_2/MPLAB%20X/Miniproyecto_2_18178.X/I2C.c</file>
            <file>file:/C:/Users/HP/Documents/GitHub/DIGITAL2_18178/Mini_proyecto_2/MPLAB%20X/Miniproyecto_2_18178.X/RTC.h</file>
            <file>file:/C:/Users/HP/Documents/GitHub/DIGITAL2_18178/Mini_proyecto_2/MPLAB%20X/Miniproyecto_2_18178.X/eusart.h</file>
            <file>file:/C:/Users/HP/Documents/GitHub/DIGITAL2_18178/Mini_proyecto_2/MPLAB%20X/Miniproyecto_2_18178.X/RTC.c</file>
        </group>
    </open-files>
</project-private>
