<?xml version="1.0" encoding="UTF-8"?>
<project-private xmlns="http://www.netbeans.org/ns/project-private/1">
    <editor-bookmarks xmlns="http://www.netbeans.org/ns/editor-bookmarks/2" lastBookmarkId="0"/>
    <open-files xmlns="http://www.netbeans.org/ns/projectui-open-files/2">
        <group>
            <file>file:/C:/Users/HP/Documents/GitHub/DIGITAL2_18178/LAB_3/MPLAB%20X/LAB_3_18178.X/adc.h</file>
            <file>file:/C:/Users/HP/Documents/GitHub/DIGITAL2_18178/LAB_3/MPLAB%20X/LAB_3_18178.X/eusart.h</file>
            <file>file:/C:/Users/HP/Documents/GitHub/DIGITAL2_18178/LAB_3/MPLAB%20X/LAB_3_18178.X/LCD.h</file>
            <file>file:/C:/Users/HP/Documents/GitHub/DIGITAL2_18178/LAB_3/MPLAB%20X/LAB_3_18178.X/eusart.c</file>
            <file>file:/C:/Users/HP/Documents/GitHub/DIGITAL2_18178/LAB_3/MPLAB%20X/LAB_3_18178.X/adc.c</file>
            <file>file:/C:/Users/HP/Documents/GitHub/DIGITAL2_18178/LAB_3/MPLAB%20X/LAB_3_18178.X/main.c</file>
            <file>file:/C:/Users/HP/Documents/GitHub/DIGITAL2_18178/LAB_3/MPLAB%20X/LAB_3_18178.X/LCD.c</file>
        </group>
    </open-files>
</project-private>
